interview_id,date,segment,program_or_role,uses_app,alternative_current,home_value_understood,value_relevant,task_next_class,task_attendance,task_next_step,task_achievement,task_competition,trusts_without_external_confirmation,primary_diagnosis,candidate_opportunity_ids,key_quote,next_test
INT-001,,owner_admin,,,,,,,,,,,,,,,
INT-002,2026-09-27,operations_staff,role_pending,,secretaria_administracion,,,,,,,,,operations_dependency,"CAND-001|CAND-002","La mayoría de información operativa se consigue preguntando a Secretaría/Administración","Reconstruir episodio sin disponibilidad y medir preguntas a Secretaría durante una semana"
INT-003,,client_puppy,,,,,,,,,,,,,,,
INT-004,,client_puppy,,,,,,,,,,,,,,,
INT-005,,client_comandos_basic,,,,,,,,,,,,,,,
INT-006,,client_comandos_other,,,,,,,,,,,,,,,
INT-007,,member,,,,,,,,,,,,,,,
INT-008,,lapsed_or_low_attendance,,,,,,,,,,,,,,,
INT-009,,member,,,,,,,,,,,,,,,
INT-010,,member,,,,,,,,,,,,,,,
INT-011,2026-10-04,member,puppy_to_comandos,yes,"physical_attendance_card|whatsapp_group",yes,yes,,,,,,,official_updates_and_class_control,"CLIENT-OPP-001|CLIENT-CAND-002","A mí se me perdió esa tarjetita","Probar cancelación + push en build instalado para tarjeta y socio"\n